Activity Period,Airline,Number Passengers,Q
201907,ABC Aerolineas S.A. de C.V. dba Interjet,6220,1
201907,ABC Aerolineas S.A. de C.V. dba Interjet,5485,1
201907,Aer Lingus,9291,1
201907,Aer Lingus,7707,1
201907,Aeromexico,18768,1
201907,Aeromexico,18408,1
201907,Air Canada,56803,1
201907,Air Canada,48454,1
201907,Air China,13102,1
201907,Air China,10912,1
201907,Air France,24710,1
201907,Air France,22777,1
201907,Air India Limited,8867,1
201907,Air India Limited,9194,1
201907,Air Italy S.P.A,4066,1
201907,Air Italy S.P.A,2555,1
201907,Air New Zealand,6396,1
201907,Air New Zealand,6546,1
201907,Air Pacific Limited dba Fiji Airways,3207,1
201907,Air Pacific Limited dba Fiji Airways,3291,1
201907,Alaska Airlines,264850,1
201907,Alaska Airlines,259940,1
201907,Alaska Airlines,9150,1
201907,Alaska Airlines,9153,1
201907,All Nippon Airways,7643,1
201907,All Nippon Airways,7024,1
201907,American Airlines,43564,1
201907,American Airlines,44187,1
201907,American Airlines,111052,1
201907,American Airlines,140717,1
201907,Asiana Airlines,9464,1
201907,Asiana Airlines,8153,1
201907,British Airways,21748,1
201907,British Airways,19960,1
201907,"COPA Airlines, Inc.",8549,1
201907,"COPA Airlines, Inc.",8731,1
201907,Cathay Pacific,28315,1
201907,Cathay Pacific,21690,1
201907,China Airlines,10724,1
201907,China Airlines,9941,1
201907,China Eastern,11038,1
201907,China Eastern,10103,1
201907,China Southern,10351,1
201907,China Southern,8768,1
201907,Compass Airlines,9603,1
201907,Compass Airlines,9157,1
201907,Compass Airlines,1110,1
201907,Compass Airlines,1173,1
201907,Delta Air Lines,240561,1
201907,Delta Air Lines,236044,1
201907,EVA Airways,19908,1
201907,EVA Airways,16525,1
201907,El Al Israel Airlines LTD.,2346,1
201907,El Al Israel Airlines LTD.,3423,1
201907,Emirates,14906,1
201907,Emirates,14320,1
201907,Finnair,4691,1
201907,Finnair,4187,1
201907,French Bee,315,1
201907,French Bee,1441,1
201907,French Bee,1088,1
201907,French Bee,3332,1
201907,French Bee,343,1
201907,French Bee,842,1
201907,French Bee,1197,1
201907,French Bee,1475,1
201907,French Bee,2797,1
201907,Frontier Airlines,7841,1
201907,Frontier Airlines,7851,1
201907,Frontier Airlines,18800,1
201907,Frontier Airlines,18105,1
201907,Hawaiian Airlines,16259,1
201907,Hawaiian Airlines,16680,1
201907,Hong Kong Airlines Limited,5624,1
201907,Hong Kong Airlines Limited,3589,1
201907,Hong Kong Airlines Limited,380,1
201907,Horizon Air,15759,1
201907,Horizon Air,16639,1
201907,Iberia,6846,1
201907,Iberia,6014,1
201907,Icelandair EHF,4579,1
201907,Icelandair EHF,3719,1
201907,Japan Airlines,7273,1
201907,Japan Airlines,5954,1
201907,Jazz Aviation,10781,1
201907,Jazz Aviation,9719,1
201907,JetBlue Airways,43383,1
201907,JetBlue Airways,42044,1
201907,JetBlue Airways,906,1
201907,JetBlue Airways,905,1
201907,JetBlue Airways,18508,1
201907,JetBlue Airways,18864,1
201907,KLM Royal Dutch Airlines,18215,1
201907,KLM Royal Dutch Airlines,14634,1
201907,Korean Air Lines,16243,1
201907,Korean Air Lines,15089,1
201907,Lufthansa German Airlines,24255,1
201907,Lufthansa German Airlines,21156,1
201907,Norwegian Air UK Ltd,7138,1
201907,Norwegian Air UK Ltd,6861,1
201907,Philippine Airlines,18436,1
201907,Philippine Airlines,15298,1
201907,Qantas Airways,13576,1
201907,Qantas Airways,13534,1
201907,SAS Airlines,7517,1
201907,SAS Airlines,7037,1
201907,Singapore Airlines,16925,1
201907,Singapore Airlines,15839,1
201907,SkyWest Airlines,21603,1
201907,SkyWest Airlines,21310,1
201907,SkyWest Airlines,164540,1
201907,SkyWest Airlines,164144,1
201907,SkyWest Airlines,300,1
201907,SkyWest Airlines,261,1
201907,Southwest Airlines,154803,1
201907,Southwest Airlines,153831,1
201907,Southwest Airlines,70,1
201907,Sun Country Airlines,22488,1
201907,Sun Country Airlines,14325,1
201907,Swiss International,9591,1
201907,Swiss International,8428,1
201907,"TACA International Airlines, S.A.",7982,1
201907,"TACA International Airlines, S.A.",8218,1
201907,TAP Air Portugal,6150,1
201907,TAP Air Portugal,4728,1
201907,Thomas Cook Airlines,3860,1
201907,Thomas Cook Airlines,3659,1
201907,Turkish Airlines,10295,1
201907,Turkish Airlines,9796,1
201907,United Airlines,6353,1
201907,United Airlines,9714,1
201907,United Airlines,330683,1
201907,United Airlines,322605,1
201907,United Airlines,46,1
201907,United Airlines,551488,1
201907,United Airlines,539061,1
201907,United Airlines,381,1
201907,United Airlines,100121,1
201907,United Airlines,85702,1
201907,United Airlines,219,1
201907,United Airlines,13368,1
201907,United Airlines,12131,1
201907,United Airlines,360,1
201907,United Airlines,669,1
201907,United Airlines,694,1
201907,United Airlines,473,1
201907,United Airlines,19354,1
201907,United Airlines,12953,1
201907,United Airlines,18135,1
201907,United Airlines,23329,1
201907,United Airlines,66961,1
201907,United Airlines,52327,1
201907,United Airlines,5587,1
201907,United Airlines,33565,1
201907,United Airlines,3260,1
201907,United Airlines,7532,1
201907,United Airlines,21851,1
201907,United Airlines,10165,1
201907,United Airlines,7586,1
201907,Virgin Atlantic,14293,1
201907,Virgin Atlantic,11944,1
201907,WestJet Airlines,15337,1
201907,WestJet Airlines,14161,1
201907,XL Airways France,4378,1
201907,XL Airways France,4011,1
201908,ABC Aerolineas S.A. de C.V. dba Interjet,6070,1
201908,ABC Aerolineas S.A. de C.V. dba Interjet,5456,1
201908,Aer Lingus,8721,1
201908,Aer Lingus,8290,1
201908,Aeromexico,17380,1
201908,Aeromexico,14905,1
201908,Air Canada,53792,1
201908,Air Canada,54953,1
201908,Air China,13358,1
201908,Air China,12088,1
201908,Air France,24009,1
201908,Air France,24513,1
201908,Air India Limited,8817,1
201908,Air India Limited,7837,1
201908,Air Italy S.P.A,3704,1
201908,Air Italy S.P.A,3251,1
201908,Air New Zealand,6689,1
201908,Air New Zealand,5998,1
201908,Air Pacific Limited dba Fiji Airways,3819,1
201908,Air Pacific Limited dba Fiji Airways,3066,1
201908,Alaska Airlines,267800,1
201908,Alaska Airlines,266144,1
201908,Alaska Airlines,9373,1
201908,Alaska Airlines,9043,1
201908,All Nippon Airways,7578,1
201908,All Nippon Airways,7081,1
201908,American Airlines,46657,1
201908,American Airlines,49165,1
201908,American Airlines,121149,1
201908,American Airlines,136628,1
201908,Asiana Airlines,8957,1
201908,Asiana Airlines,7220,1
201908,British Airways,20368,1
201908,British Airways,21647,1
201908,"COPA Airlines, Inc.",7408,1
201908,"COPA Airlines, Inc.",6951,1
201908,Cathay Pacific,25166,1
201908,Cathay Pacific,17293,1
201908,China Airlines,10184,1
201908,China Airlines,9221,1
201908,China Eastern,11733,1
201908,China Eastern,9947,1
201908,China Southern,11097,1
201908,China Southern,10502,1
201908,Compass Airlines,9947,1
201908,Compass Airlines,9517,1
201908,Compass Airlines,1239,1
201908,Compass Airlines,1020,1
201908,Delta Air Lines,233499,1
201908,Delta Air Lines,236522,1
201908,Delta Air Lines,194,1
201908,EVA Airways,29304,1
201908,EVA Airways,24778,1
201908,El Al Israel Airlines LTD.,2818,1
201908,El Al Israel Airlines LTD.,2899,1
201908,Emirates,14607,1
201908,Emirates,13822,1
201908,Finnair,4637,1
201908,Finnair,4037,1
201908,French Bee,669,1
201908,French Bee,1316,1
201908,French Bee,532,1
201908,French Bee,2865,1
201908,French Bee,773,1
201908,French Bee,1964,1
201908,French Bee,647,1
201908,French Bee,1499,1
201908,French Bee,1700,1
201908,Frontier Airlines,26462,1
201908,Frontier Airlines,27063,1
201908,Hawaiian Airlines,15982,1
201908,Hawaiian Airlines,15378,1
201908,Hong Kong Airlines Limited,5172,1
201908,Hong Kong Airlines Limited,4501,1
201908,Hong Kong Airlines Limited,532,1
201908,Horizon Air,15534,1
201908,Horizon Air,15964,1
201908,Iberia,6989,1
201908,Iberia,6149,1
201908,Icelandair EHF,3576,1
201908,Icelandair EHF,3825,1
201908,Japan Airlines,6003,1
201908,Japan Airlines,7221,1
201908,Jazz Aviation,10644,1
201908,Jazz Aviation,10409,1
201908,JetBlue Airways,2454,1
201908,JetBlue Airways,61030,1
201908,JetBlue Airways,63203,1
201908,KLM Royal Dutch Airlines,16801,1
201908,KLM Royal Dutch Airlines,16634,1
201908,Korean Air Lines,16008,1
201908,Korean Air Lines,13606,1
201908,Lufthansa German Airlines,23647,1
201908,Lufthansa German Airlines,21441,1
201908,Norwegian Air UK Ltd,7034,1
201908,Norwegian Air UK Ltd,6625,1
201908,Philippine Airlines,16773,1
201908,Philippine Airlines,9410,1
201908,Qantas Airways,13535,1
201908,Qantas Airways,11330,1
201908,SAS Airlines,7359,1
201908,SAS Airlines,6250,1
201908,Singapore Airlines,16514,1
201908,Singapore Airlines,14653,1
201908,SkyWest Airlines,20550,1
201908,SkyWest Airlines,21783,1
201908,SkyWest Airlines,156688,1
201908,SkyWest Airlines,157120,1
201908,SkyWest Airlines,217,1
201908,SkyWest Airlines,215,1
201908,Southwest Airlines,149964,1
201908,Southwest Airlines,151760,1
201908,Southwest Airlines,455,1
201908,Sun Country Airlines,17959,1
201908,Sun Country Airlines,17557,1
201908,Swiss International,10030,1
201908,Swiss International,9743,1
201908,"TACA International Airlines, S.A.",7908,1
201908,"TACA International Airlines, S.A.",6640,1
201908,TAP Air Portugal,7735,1
201908,TAP Air Portugal,4802,1
201908,Thomas Cook Airlines,4031,1
201908,Thomas Cook Airlines,3898,1
201908,Turkish Airlines,10531,1
201908,Turkish Airlines,9997,1
201908,United Airlines,6787,1
201908,United Airlines,8568,1
201908,United Airlines,335620,1
201908,United Airlines,341150,1
201908,United Airlines,88,1
201908,United Airlines,613077,1
201908,United Airlines,606402,1
201908,United Airlines,146,1
201908,United Airlines,99811,1
201908,United Airlines,87652,1
201908,United Airlines,331,1
201908,United Airlines,13796,1
201908,United Airlines,12694,1
201908,United Airlines,505,1
201908,United Airlines,397,1
201908,United Airlines,46,1
201908,United Airlines,18805,1
201908,United Airlines,13601,1
201908,United Airlines,19654,1
201908,United Airlines,24798,1
201908,United Airlines,64041,1
201908,United Airlines,61371,1
201908,United Airlines,999,1
201908,United Airlines,26314,1
201908,United Airlines,3488,1
201908,United Airlines,4754,1
201908,United Airlines,15034,1
201908,United Airlines,9575,1
201908,United Airlines,8883,1
201908,Virgin Atlantic,13045,1
201908,Virgin Atlantic,12626,1
201908,WestJet Airlines,14271,1
201908,WestJet Airlines,13241,1
201908,XL Airways France,4663,1
201908,XL Airways France,5077,1
201909,ABC Aerolineas S.A. de C.V. dba Interjet,4740,1
201909,ABC Aerolineas S.A. de C.V. dba Interjet,5154,1
201909,Aer Lingus,8555,1
201909,Aer Lingus,8509,1
201909,Aeromexico,11606,1
201909,Aeromexico,12097,1
201909,Air Canada,41678,1
201909,Air Canada,44757,1
201909,Air China,11361,1
201909,Air China,10933,1
201909,Air France,18125,1
201909,Air France,18326,1
201909,Air India Limited,7522,1
201909,Air India Limited,7401,1
201909,Air Italy S.P.A,2526,1
201909,Air Italy S.P.A,3066,1
201909,Air New Zealand,6308,1
201909,Air New Zealand,6127,1
201909,Air Pacific Limited dba Fiji Airways,2842,1
201909,Air Pacific Limited dba Fiji Airways,2648,1
201909,Alaska Airlines,223317,1
201909,Alaska Airlines,220965,1
201909,Alaska Airlines,7946,1
201909,Alaska Airlines,8013,1
201909,All Nippon Airways,6355,1
201909,All Nippon Airways,6037,1
201909,American Airlines,35221,1
201909,American Airlines,40319,1
201909,American Airlines,132087,1
201909,American Airlines,126646,1
201909,Asiana Airlines,7833,1
201909,Asiana Airlines,6423,1
201909,British Airways,18637,1
201909,British Airways,19247,1
201909,"COPA Airlines, Inc.",7144,1
201909,"COPA Airlines, Inc.",7035,1
201909,Cathay Pacific,17151,1
201909,Cathay Pacific,14197,1
201909,China Airlines,8764,1
201909,China Airlines,8103,1
201909,China Eastern,9322,1
201909,China Eastern,8585,1
201909,China Southern,8695,1
201909,China Southern,8051,1
201909,Compass Airlines,4758,1
201909,Compass Airlines,4363,1
201909,Compass Airlines,202,1
201909,Compass Airlines,324,1
201909,Delta Air Lines,186353,1
201909,Delta Air Lines,184604,1
201909,EVA Airways,22402,1
201909,EVA Airways,18563,1
201909,El Al Israel Airlines LTD.,2187,1
201909,El Al Israel Airlines LTD.,2206,1
201909,Emirates,13569,1
201909,Emirates,12008,1
201909,Finnair,3605,1
201909,Finnair,3219,1
201909,French Bee,286,1
201909,French Bee,1419,1
201909,French Bee,1029,1
201909,French Bee,2767,1
201909,French Bee,365,1
201909,French Bee,732,1
201909,French Bee,1464,1
201909,French Bee,2243,1
201909,French Bee,2364,1
201909,Frontier Airlines,23221,1
201909,Frontier Airlines,22633,1
201909,Hawaiian Airlines,13749,1
201909,Hawaiian Airlines,12290,1
201909,Hong Kong Airlines Limited,4527,1
201909,Hong Kong Airlines Limited,5068,1
201909,Hong Kong Airlines Limited,566,1
201909,Horizon Air,8803,1
201909,Horizon Air,9235,1
201909,Iberia,6615,1
201909,Iberia,6984,1
201909,Icelandair EHF,3637,1
201909,Icelandair EHF,3443,1
201909,Japan Airlines,6563,1
201909,Japan Airlines,6350,1
201909,Jazz Aviation,5890,1
201909,Jazz Aviation,5968,1
201909,JetBlue Airways,440,1
201909,JetBlue Airways,52936,1
201909,JetBlue Airways,55529,1
201909,KLM Royal Dutch Airlines,18202,1
201909,KLM Royal Dutch Airlines,18135,1
201909,Korean Air Lines,13823,1
201909,Korean Air Lines,12224,1
201909,Lufthansa German Airlines,22447,1
201909,Lufthansa German Airlines,21961,1
201909,Norwegian Air UK Ltd,6864,1
201909,Norwegian Air UK Ltd,6898,1
201909,Philippine Airlines,9004,1
201909,Philippine Airlines,8093,1
201909,Qantas Airways,11063,1
201909,Qantas Airways,9749,1
201909,SAS Airlines,7207,1
201909,SAS Airlines,6792,1
201909,Singapore Airlines,14680,1
201909,Singapore Airlines,13211,1
201909,SkyWest Airlines,17840,1
201909,SkyWest Airlines,18261,1
201909,SkyWest Airlines,110397,1
201909,SkyWest Airlines,109191,1
201909,SkyWest Airlines,1608,1
201909,SkyWest Airlines,1722,1
201909,Southwest Airlines,125939,1
201909,Southwest Airlines,122295,1
201909,Sun Country Airlines,7503,1
201909,Sun Country Airlines,7453,1
201909,Swiss International,9448,1
201909,Swiss International,9261,1
201909,"TACA International Airlines, S.A.",7139,1
201909,"TACA International Airlines, S.A.",6433,1
201909,TAP Air Portugal,4874,1
201909,TAP Air Portugal,4828,1
201909,Thomas Cook Airlines,2161,1
201909,Thomas Cook Airlines,2336,1
201909,Turkish Airlines,9954,1
201909,Turkish Airlines,9652,1
201909,United Airlines,4543,1
201909,United Airlines,2967,1
201909,United Airlines,231382,1
201909,United Airlines,233633,1
201909,United Airlines,2,1
201909,United Airlines,421500,1
201909,United Airlines,421130,1
201909,United Airlines,154,1
201909,United Airlines,80498,1
201909,United Airlines,72201,1
201909,United Airlines,12357,1
201909,United Airlines,10617,1
201909,United Airlines,182,1
201909,United Airlines,110,1
201909,United Airlines,100,1
201909,United Airlines,7,1
201909,United Airlines,17342,1
201909,United Airlines,14141,1
201909,United Airlines,14288,1
201909,United Airlines,18830,1
201909,United Airlines,60243,1
201909,United Airlines,61340,1
201909,United Airlines,1067,1
201909,United Airlines,11472,1
201909,United Airlines,1222,1
201909,United Airlines,2846,1
201909,United Airlines,7353,1
201909,United Airlines,8467,1
201909,United Airlines,8038,1
201909,Virgin Atlantic,13172,1
201909,Virgin Atlantic,13368,1
201909,WestJet Airlines,10633,1
201909,WestJet Airlines,9536,1
201909,XL Airways France,1135,1
201909,XL Airways France,1031,1
201910,ABC Aerolineas S.A. de C.V. dba Interjet,3083,1
201910,ABC Aerolineas S.A. de C.V. dba Interjet,3870,1
201910,Aer Lingus,8336,1
201910,Aer Lingus,7148,1
201910,Aeromexico,11210,1
201910,Aeromexico,12645,1
201910,Air Canada,37452,1
201910,Air Canada,35622,1
201910,Air China,9768,1
201910,Air China,11481,1
201910,Air France,14583,1
201910,Air France,13776,1
201910,Air India Limited,6900,1
201910,Air India Limited,7943,1
201910,Air Italy S.P.A,2715,1
201910,Air Italy S.P.A,2198,1
201910,Air New Zealand,5069,1
201910,Air New Zealand,6401,1
201910,Air Pacific Limited dba Fiji Airways,3112,1
201910,Air Pacific Limited dba Fiji Airways,3322,1
201910,Alaska Airlines,238405,1
201910,Alaska Airlines,238043,1
201910,Alaska Airlines,9050,1
201910,Alaska Airlines,9793,1
201910,All Nippon Airways,6090,1
201910,All Nippon Airways,6186,1
201910,American Airlines,34545,1
201910,American Airlines,37454,1
201910,American Airlines,115132,1
201910,American Airlines,128040,1
201910,Asiana Airlines,6907,1
201910,Asiana Airlines,7870,1
201910,British Airways,20720,1
201910,British Airways,19102,1
201910,"COPA Airlines, Inc.",6674,1
201910,"COPA Airlines, Inc.",7365,1
201910,Cathay Pacific,14873,1
201910,Cathay Pacific,20828,1
201910,China Airlines,8447,1
201910,China Airlines,10053,1
201910,China Eastern,8170,1
201910,China Eastern,9927,1
201910,China Southern,8545,1
201910,China Southern,8870,1
201910,Compass Airlines,7713,1
201910,Compass Airlines,7901,1
201910,Compass Airlines,336,1
201910,Compass Airlines,354,1
201910,Delta Air Lines,194499,1
201910,Delta Air Lines,196435,1
201910,EVA Airways,23019,1
201910,EVA Airways,24547,1
201910,El Al Israel Airlines LTD.,1681,1
201910,El Al Israel Airlines LTD.,3466,1
201910,Emirates,11048,1
201910,Emirates,12921,1
201910,Finnair,2966,1
201910,Finnair,2122,1
201910,French Bee,533,1
201910,French Bee,1433,1
201910,French Bee,738,1
201910,French Bee,2820,1
201910,French Bee,788,1
201910,French Bee,1550,1
201910,French Bee,1033,1
201910,French Bee,1670,1
201910,French Bee,1670,1
201910,Frontier Airlines,23950,1
201910,Frontier Airlines,22922,1
201910,Hawaiian Airlines,15424,1
201910,Hawaiian Airlines,15434,1
201910,Hong Kong Airlines Limited,304,1
201910,Hong Kong Airlines Limited,104,1
201910,Horizon Air,12993,1
201910,Horizon Air,13871,1
201910,Iberia,3698,1
201910,Iberia,4309,1
201910,Icelandair EHF,2714,1
201910,Icelandair EHF,2111,1
201910,Japan Airlines,6587,1
201910,Japan Airlines,6745,1
201910,Jazz Aviation,9428,1
201910,Jazz Aviation,8002,1
201910,JetBlue Airways,1629,1
201910,JetBlue Airways,65384,1
201910,JetBlue Airways,67539,1
201910,KLM Royal Dutch Airlines,16292,1
201910,KLM Royal Dutch Airlines,13892,1
201910,Korean Air Lines,13060,1
201910,Korean Air Lines,14947,1
201910,Lufthansa German Airlines,23596,1
201910,Lufthansa German Airlines,20625,1
201910,Norwegian Air Shuttle ASA,968,1
201910,Norwegian Air Shuttle ASA,671,1
201910,Norwegian Air UK Ltd,6726,1
201910,Norwegian Air UK Ltd,6297,1
201910,Philippine Airlines,9549,1
201910,Philippine Airlines,11025,1
201910,Qantas Airways,10141,1
201910,Qantas Airways,11559,1
201910,SAS Airlines,6862,1
201910,SAS Airlines,6433,1
201910,Singapore Airlines,12857,1
201910,Singapore Airlines,15846,1
201910,SkyWest Airlines,22878,1
201910,SkyWest Airlines,24385,1
201910,SkyWest Airlines,153832,1
201910,SkyWest Airlines,151535,1
201910,SkyWest Airlines,4733,1
201910,SkyWest Airlines,4303,1
201910,Southwest Airlines,138719,1
201910,Southwest Airlines,138744,1
201910,Sun Country Airlines,5953,1
201910,Sun Country Airlines,5985,1
201910,Swiss International,9696,1
201910,Swiss International,8585,1
201910,"TACA International Airlines, S.A.",6707,1
201910,"TACA International Airlines, S.A.",7333,1
201910,TAP Air Portugal,5330,1
201910,TAP Air Portugal,4359,1
201910,Turkish Airlines,10118,1
201910,Turkish Airlines,9715,1
201910,United Airlines,7883,1
201910,United Airlines,8113,1
201910,United Airlines,287395,1
201910,United Airlines,284875,1
201910,United Airlines,38,1
201910,United Airlines,455091,1
201910,United Airlines,455327,1
201910,United Airlines,367,1
201910,United Airlines,76894,1
201910,United Airlines,84042,1
201910,United Airlines,1113,1
201910,United Airlines,11982,1
201910,United Airlines,14137,1
201910,United Airlines,185,1
201910,United Airlines,132,1
201910,United Airlines,14162,1
201910,United Airlines,10715,1
201910,United Airlines,9577,1
201910,United Airlines,13688,1
201910,United Airlines,59113,1
201910,United Airlines,52956,1
201910,United Airlines,672,1
201910,United Airlines,15952,1
201910,United Airlines,1693,1
201910,United Airlines,3,1
201910,United Airlines,3251,1
201910,United Airlines,13591,1
201910,United Airlines,7467,1
201910,United Airlines,7739,1
201910,Virgin Atlantic,13031,1
201910,Virgin Atlantic,12416,1
201910,WestJet Airlines,7810,1
201910,WestJet Airlines,6779,1
201911,ABC Aerolineas S.A. de C.V. dba Interjet,3139,1
201911,ABC Aerolineas S.A. de C.V. dba Interjet,3932,1
201911,Aer Lingus,6511,1
201911,Aer Lingus,6677,1
201911,Aeromexico,12551,1
201911,Aeromexico,14495,1
201911,Air Canada,28697,1
201911,Air Canada,30523,1
201911,Air China,8351,1
201911,Air China,8227,1
201911,Air France,8519,1
201911,Air France,8317,1
201911,Air India Limited,7545,1
201911,Air India Limited,9114,1
201911,Air New Zealand,5531,1
201911,Air New Zealand,5873,1
201911,Air Pacific Limited dba Fiji Airways,1734,1
201911,Air Pacific Limited dba Fiji Airways,1626,1
201911,Alaska Airlines,212020,1
201911,Alaska Airlines,219855,1
201911,Alaska Airlines,10020,1
201911,Alaska Airlines,10556,1
201911,All Nippon Airways,6023,1
201911,All Nippon Airways,6311,1
201911,American Airlines,25639,1
201911,American Airlines,33072,1
201911,American Airlines,107170,1
201911,American Airlines,133650,1
201911,Asiana Airlines,7418,1
201911,Asiana Airlines,7572,1
201911,British Airways,14561,1
201911,British Airways,15050,1
201911,"COPA Airlines, Inc.",6527,1
201911,"COPA Airlines, Inc.",7413,1
201911,Cathay Pacific,18998,1
201911,Cathay Pacific,21231,1
201911,China Airlines,9266,1
201911,China Airlines,9903,1
201911,China Eastern,9326,1
201911,China Eastern,9484,1
201911,China Southern,7610,1
201911,China Southern,7532,1
201911,Compass Airlines,6464,1
201911,Compass Airlines,6962,1
201911,Compass Airlines,348,1
201911,Compass Airlines,423,1
201911,Delta Air Lines,167213,1
201911,Delta Air Lines,169770,1
201911,EVA Airways,23757,1
201911,EVA Airways,24536,1
201911,El Al Israel Airlines LTD.,1913,1
201911,El Al Israel Airlines LTD.,2137,1
201911,Emirates,11818,1
201911,Emirates,13702,1
201911,Finnair,1774,1
201911,Finnair,1486,1
201911,French Bee,204,1
201911,French Bee,483,1
201911,French Bee,494,1
201911,French Bee,1296,1
201911,French Bee,1229,1
201911,French Bee,2283,1
201911,French Bee,619,1
201911,French Bee,271,1
201911,French Bee,723,1
201911,French Bee,1286,1
201911,French Bee,1795,1
201911,French Bee,1530,1
201911,Frontier Airlines,22285,1
201911,Frontier Airlines,22179,1
201911,Hawaiian Airlines,10769,1
201911,Hawaiian Airlines,16615,1
201911,Horizon Air,15086,1
201911,Horizon Air,15697,1
201911,Iberia,2118,1
201911,Iberia,2256,1
201911,Icelandair EHF,1530,1
201911,Icelandair EHF,1652,1
201911,Japan Airlines,6352,1
201911,Japan Airlines,6264,1
201911,Jazz Aviation,9726,1
201911,Jazz Aviation,8739,1
201911,JetBlue Airways,726,1
201911,JetBlue Airways,60921,1
201911,JetBlue Airways,61794,1
201911,KLM Royal Dutch Airlines,8341,1
201911,KLM Royal Dutch Airlines,8431,1
201911,Korean Air Lines,12340,1
201911,Korean Air Lines,13669,1
201911,Lufthansa German Airlines,18096,1
201911,Lufthansa German Airlines,17933,1
201911,Norwegian Air Shuttle ASA,3889,1
201911,Norwegian Air Shuttle ASA,4682,1
201911,Norwegian Air UK Ltd,4958,1
201911,Norwegian Air UK Ltd,5197,1
201911,Philippine Airlines,11158,1
201911,Philippine Airlines,11697,1
201911,Qantas Airways,10464,1
201911,Qantas Airways,11308,1
201911,SAS Airlines,5549,1
201911,SAS Airlines,5973,1
201911,Singapore Airlines,14170,1
201911,Singapore Airlines,15191,1
201911,SkyWest Airlines,19756,1
201911,SkyWest Airlines,19790,1
201911,SkyWest Airlines,140945,1
201911,SkyWest Airlines,140713,1
201911,SkyWest Airlines,3999,1
201911,SkyWest Airlines,4310,1
201911,Southwest Airlines,133438,1
201911,Southwest Airlines,132730,1
201911,Sun Country Airlines,5111,1
201911,Sun Country Airlines,5449,1
201911,Swiss International,8767,1
201911,Swiss International,8405,1
201911,"TACA International Airlines, S.A.",7299,1
201911,"TACA International Airlines, S.A.",8155,1
201911,TAP Air Portugal,4140,1
201911,TAP Air Portugal,4227,1
201911,Turkish Airlines,9494,1
201911,Turkish Airlines,9553,1
201911,United Airlines,11996,1
201911,United Airlines,9425,1
201911,United Airlines,265456,1
201911,United Airlines,273015,1
201911,United Airlines,40,1
201911,United Airlines,370545,1
201911,United Airlines,391907,1
201911,United Airlines,613,1
201911,United Airlines,80288,1
201911,United Airlines,79300,1
201911,United Airlines,197,1
201911,United Airlines,18245,1
201911,United Airlines,19403,1
201911,United Airlines,48,1
201911,United Airlines,816,1
201911,United Airlines,8569,1
201911,United Airlines,6096,1
201911,United Airlines,6831,1
201911,United Airlines,10349,1
201911,United Airlines,35723,1
201911,United Airlines,39480,1
201911,United Airlines,28102,1
201911,United Airlines,2493,1
201911,United Airlines,7729,1
201911,United Airlines,20576,1
201911,United Airlines,6496,1
201911,United Airlines,6570,1
201911,Virgin Atlantic,11681,1
201911,Virgin Atlantic,12353,1
201912,ABC Aerolineas S.A. de C.V. dba Interjet,4317,1
201912,ABC Aerolineas S.A. de C.V. dba Interjet,3031,1
201912,Aer Lingus,6335,1
201912,Aer Lingus,6762,1
201912,Aeromexico,14927,1
201912,Aeromexico,18174,1
201912,Air Canada,32184,1
201912,Air Canada,33624,1
201912,Air China,9006,1
201912,Air China,9033,1
201912,Air France,8368,1
201912,Air France,8606,1
201912,Air India Limited,7703,1
201912,Air India Limited,8909,1
201912,Air New Zealand,8427,1
201912,Air New Zealand,8069,1
201912,Air Pacific Limited dba Fiji Airways,3067,1
201912,Air Pacific Limited dba Fiji Airways,2969,1
201912,Alaska Airlines,231153,1
201912,Alaska Airlines,235955,1
201912,Alaska Airlines,9722,1
201912,Alaska Airlines,10935,1
201912,All Nippon Airways,6468,1
201912,All Nippon Airways,7018,1
201912,American Airlines,38972,1
201912,American Airlines,45751,1
201912,American Airlines,114177,1
201912,American Airlines,130616,1
201912,Asiana Airlines,8699,1
201912,Asiana Airlines,8833,1
201912,British Airways,14068,1
201912,British Airways,14118,1
201912,"COPA Airlines, Inc.",8137,1
201912,"COPA Airlines, Inc.",9055,1
201912,Cathay Pacific,24086,1
201912,Cathay Pacific,23668,1
201912,China Airlines,8773,1
201912,China Airlines,10402,1
201912,China Eastern,9833,1
201912,China Eastern,10592,1
201912,China Southern,9676,1
201912,China Southern,10026,1
201912,Compass Airlines,6921,1
201912,Compass Airlines,6931,1
201912,Compass Airlines,353,1
201912,Compass Airlines,260,1
201912,Delta Air Lines,174128,1
201912,Delta Air Lines,176284,1
201912,EVA Airways,23903,1
201912,EVA Airways,27791,1
201912,El Al Israel Airlines LTD.,2881,1
201912,El Al Israel Airlines LTD.,2169,1
201912,Emirates,12898,1
201912,Emirates,14602,1
201912,Finnair,422,1
201912,Finnair,310,1
201912,French Bee,122,1
201912,French Bee,164,1
201912,French Bee,2191,1
201912,French Bee,1526,1
201912,French Bee,2411,1
201912,French Bee,135,1
201912,French Bee,2091,1
201912,French Bee,2171,1
201912,French Bee,2439,1
201912,Frontier Airlines,20460,1
201912,Frontier Airlines,21458,1
201912,Hawaiian Airlines,15834,1
201912,Hawaiian Airlines,16872,1
201912,Horizon Air,15031,1
201912,Horizon Air,15381,1
201912,Iberia,2567,1
201912,Iberia,2541,1
201912,Icelandair EHF,1443,1
201912,Icelandair EHF,1372,1
201912,Japan Airlines,5832,1
201912,Japan Airlines,6601,1
201912,Jazz Aviation,9436,1
201912,Jazz Aviation,9074,1
201912,JetBlue Airways,294,1
201912,JetBlue Airways,58591,1
201912,JetBlue Airways,58647,1
201912,KLM Royal Dutch Airlines,8899,1
201912,KLM Royal Dutch Airlines,8943,1
201912,Korean Air Lines,13981,1
201912,Korean Air Lines,15633,1
201912,Lufthansa German Airlines,19807,1
201912,Lufthansa German Airlines,19156,1
201912,Norwegian Air Shuttle ASA,4600,1
201912,Norwegian Air Shuttle ASA,4765,1
201912,Norwegian Air UK Ltd,4997,1
201912,Norwegian Air UK Ltd,5409,1
201912,Philippine Airlines,13470,1
201912,Philippine Airlines,18781,1
201912,Qantas Airways,9965,1
201912,Qantas Airways,8996,1
201912,SAS Airlines,5667,1
201912,SAS Airlines,5745,1
201912,Singapore Airlines,15499,1
201912,Singapore Airlines,16263,1
201912,SkyWest Airlines,1307,1
201912,SkyWest Airlines,1465,1
201912,SkyWest Airlines,20152,1
201912,SkyWest Airlines,21099,1
201912,SkyWest Airlines,149575,1
201912,SkyWest Airlines,153959,1
201912,SkyWest Airlines,5243,1
201912,SkyWest Airlines,5276,1
201912,Southwest Airlines,135735,1
201912,Southwest Airlines,137787,1
201912,Sun Country Airlines,8495,1
201912,Sun Country Airlines,8657,1
201912,Swiss International,9335,1
201912,Swiss International,8968,1
201912,"TACA International Airlines, S.A.",8145,1
201912,"TACA International Airlines, S.A.",9514,1
201912,TAP Air Portugal,5137,1
201912,TAP Air Portugal,3988,1
201912,Turkish Airlines,9843,1
201912,Turkish Airlines,10168,1
201912,United Airlines,5803,1
201912,United Airlines,15260,1
201912,United Airlines,289174,1
201912,United Airlines,286655,1
201912,United Airlines,41,1
201912,United Airlines,417434,1
201912,United Airlines,420455,1
201912,United Airlines,234,1
201912,United Airlines,87311,1
201912,United Airlines,101593,1
201912,United Airlines,232,1
201912,United Airlines,166,1
201912,United Airlines,24404,1
201912,United Airlines,20695,1
201912,United Airlines,208,1
201912,United Airlines,573,1
201912,United Airlines,8638,1
201912,United Airlines,7570,1
201912,United Airlines,9156,1
201912,United Airlines,10099,1
201912,United Airlines,39593,1
201912,United Airlines,38344,1
201912,United Airlines,244,1
201912,United Airlines,29332,1
201912,United Airlines,1574,1
201912,United Airlines,10331,1
201912,United Airlines,160,1
201912,United Airlines,22541,1
201912,United Airlines,6933,1
201912,United Airlines,7643,1
201912,Virgin Atlantic,12818,1
201912,Virgin Atlantic,12573,1
202001,ABC Aerolineas S.A. de C.V. dba Interjet,4367,1
202001,ABC Aerolineas S.A. de C.V. dba Interjet,3923,1
202001,Aer Lingus,6857,1
202001,Aer Lingus,5790,1
202001,Aeromexico,15964,1
202001,Aeromexico,13197,1
202001,Air Canada,24330,1
202001,Air Canada,26515,1
202001,Air China,9409,1
202001,Air China,7900,1
202001,Air France,8679,1
202001,Air France,7731,1
202001,Air India Limited,9348,1
202001,Air India Limited,9140,1
202001,Air New Zealand,7957,1
202001,Air New Zealand,8571,1
202001,Air Pacific Limited dba Fiji Airways,2355,1
202001,Air Pacific Limited dba Fiji Airways,2997,1
202001,Alaska Airlines,203510,1
202001,Alaska Airlines,194967,1
202001,Alaska Airlines,10477,1
202001,Alaska Airlines,9555,1
202001,All Nippon Airways,7747,1
202001,All Nippon Airways,6493,1
202001,American Airlines,32133,1
202001,American Airlines,31965,1
202001,American Airlines,108653,1
202001,American Airlines,116721,1
202001,Asiana Airlines,9528,1
202001,Asiana Airlines,8457,1
202001,British Airways,16612,1
202001,British Airways,14163,1
202001,"COPA Airlines, Inc.",8222,1
202001,"COPA Airlines, Inc.",8256,1
202001,Cathay Pacific,25733,1
202001,Cathay Pacific,22174,1
202001,China Airlines,10828,1
202001,China Airlines,9703,1
202001,China Eastern,11492,1
202001,China Eastern,9309,1
202001,China Southern,9491,1
202001,China Southern,7906,1
202001,Compass Airlines,5033,1
202001,Compass Airlines,4619,1
202001,Compass Airlines,1516,1
202001,Compass Airlines,1341,1
202001,Delta Air Lines,153276,1
202001,Delta Air Lines,147276,1
202001,EVA Airways,31422,1
202001,EVA Airways,25726,1
202001,El Al Israel Airlines LTD.,1660,1
202001,El Al Israel Airlines LTD.,2438,1
202001,Emirates,14294,1
202001,Emirates,12215,1
202001,French Bee,198,1
202001,French Bee,1011,1
202001,French Bee,1390,1
202001,French Bee,2043,1
202001,French Bee,210,1
202001,French Bee,197,1
202012,Horizon Air,4604,1
202012,Singapore Airlines,167,1
202012,Korean Air Lines,937,1
202012,SkyWest Airlines,6916,1
202012,EVA Airways,1322,1
202012,Delta Air Lines,7024,1
202012,United Airlines,14765,1
202012,KLM Royal Dutch Airlines,1332,1
202012,United Airlines,16050,1
202012,United Airlines,34133,1
202012,United Airlines,585,1
202012,JetBlue Airways,256,1
202012,JetBlue Airways,12288,1
202012,SkyWest Airlines,213,1
202012,Qatar Airways,1366,1
202012,Korean Air Lines,951,1
202012,SAS Airlines,327,1
202012,Air Canada,2602,1
202012,Cathay Pacific,583,1
202012,JetBlue Airways,147,1
202012,Turkish Airlines,3880,1
202012,United Airlines,39465,1
202012,SkyWest Airlines,2158,1
202012,British Airways,940,1
202012,SkyWest Airlines,26419,1
202012,United Airlines,2878,1
202012,Japan Airlines,772,1
202012,United Airlines,2733,1
202012,China Airlines,386,1
202012,United Airlines,1097,1
202012,United Airlines,3587,1
202012,American Airlines,40876,1
202012,SkyWest Airlines,2044,1
202012,Qatar Airways,1013,1
202012,EVA Airways,1184,1
202012,Turkish Airlines,3839,1
202012,Lufthansa German Airlines,1173,1
202012,Sun Country Airlines,1382,1
202012,Air Canada,2099,1
202012,SkyWest Airlines,5848,1
202012,Southwest Airlines,21172,1
202012,All Nippon Airways,1542,1
202012,United Airlines,3913,1
202012,Air France,759,1
202012,"COPA Airlines, Inc.",1782,1
202012,Asiana Airlines,722,1
202012,Lufthansa German Airlines,1542,1
202012,Swiss International,619,1
202012,JetBlue Airways,12166,1
202012,Swiss International,697,1
202012,United Airlines,14037,1
202012,"TACA International Airlines, S.A.",2995,1
202012,Delta Air Lines,19178,1
202012,SkyWest Airlines,187,1
202012,Aeromexico,4743,1
202012,SkyWest Airlines,51005,1
202012,Hawaiian Airlines,4952,1
202012,United Airlines,11735,1
202012,SkyWest Airlines,1754,1
202012,Cathay Pacific,639,1
202012,Horizon Air,4371,1
202012,"COPA Airlines, Inc.",1245,1
202012,Alaska Airlines,10830,1
202012,Alaska Airlines,4993,1
202012,United Airlines,116844,1
202012,SkyWest Airlines,24703,1
202012,SkyWest Airlines,2086,1
202012,SkyWest Airlines,49569,1
202012,"TACA International Airlines, S.A.",1902,1
202012,Delta Air Lines,9198,1
202012,Alaska Airlines,11896,1
202012,Air France,1214,1
202012,British Airways,758,1
202012,American Airlines,36961,1
202012,Frontier Airlines,7111,1
202012,Singapore Airlines,133,1
202012,China Airlines,615,1
202012,United Airlines,61,1
202012,Sun Country Airlines,1318,1
202012,SAS Airlines,510,1
202012,Southwest Airlines,21760,1
202012,United Airlines,1237,1
202012,United Airlines,12763,1
202012,All Nippon Airways,922,1
202012,Asiana Airlines,818,1
202012,United Airlines,6245,1
202012,Air India Limited,4830,1
202012,United Airlines,117260,1
202012,United Airlines,1166,1
202012,Air India Limited,4544,1
202012,Aeromexico,7701,1
202012,Frontier Airlines,7851,1
202012,Delta Air Lines,24772,1
202012,JetBlue Airways,72,1
202012,JetBlue Airways,154,1
202012,KLM Royal Dutch Airlines,956,1
202012,Hawaiian Airlines,3548,1
202012,Philippine Airlines,2717,1
202012,Alaska Airlines,4157,1
202012,Japan Airlines,857,1
202012,Philippine Airlines,1595,1
202011,Swiss International,370,1
202011,Alaska Airlines,16223,1
202011,Sun Country Airlines,1845,1
202011,SAS Airlines,236,1
202011,SkyWest Airlines,8113,1
202011,Swiss International,301,1
202011,Horizon Air,7229,1
202011,JetBlue Airways,15749,1
202011,Aeromexico,4141,1
202011,United Airlines,1107,1
202011,Korean Air Lines,1155,1
202011,United Airlines,13434,1
202011,"TACA International Airlines, S.A.",3114,1
202011,Air Canada,1571,1
202011,Air India Limited,4611,1
202011,United Airlines,40497,1
202011,United Airlines,13018,1
202011,SkyWest Airlines,2019,1
202011,Japan Airlines,543,1
202011,SkyWest Airlines,8288,1
202011,Philippine Airlines,2184,1
202011,Air France,120,1
202011,Lufthansa German Airlines,845,1
202011,Southwest Airlines,28987,1
202011,Alaska Airlines,6005,1
202011,SkyWest Airlines,2373,1
202011,United Airlines,5315,1
202011,SkyWest Airlines,3511,1
202011,Swissport USA,31,1
202011,All Nippon Airways,617,1
202011,EVA Airways,1904,1
202011,Asiana Airlines,1013,1
202011,China Airlines,349,1
202011,Horizon Air,6653,1
202011,SkyWest Airlines,32534,1
202011,JetBlue Airways,131,1
202011,KLM Royal Dutch Airlines,864,1
202011,Cathay Pacific,801,1
202011,Air Canada,1925,1
202011,Air India Limited,4270,1
202011,SkyWest Airlines,60398,1
202011,SkyWest Airlines,33193,1
202011,United Airlines,12370,1
202011,United Airlines,2157,1
202011,United Airlines,3278,1
202011,Delta Air Lines,12099,1
202011,"COPA Airlines, Inc.",492,1
202011,United Airlines,945,1
202011,Korean Air Lines,896,1
202011,JetBlue Airways,533,1
202011,Frontier Airlines,13079,1
202011,"COPA Airlines, Inc.",500,1
202011,JetBlue Airways,330,1
202011,Delta Air Lines,25896,1
202011,Japan Airlines,627,1
202011,British Airways,294,1
202011,Aeromexico,4152,1
202011,Frontier Airlines,12653,1
202011,United Airlines,16463,1
202011,Hawaiian Airlines,4700,1
202011,TAP Air Portugal,172,1
202011,SkyWest Airlines,56153,1
202011,United Airlines,2520,1
202011,Hawaiian Airlines,5160,1
202011,United Airlines,125831,1
202011,JetBlue Airways,14870,1
202011,Alaska Airlines,5636,1
202011,Delta Air Lines,22559,1
202011,"TACA International Airlines, S.A.",2457,1
202011,Turkish Airlines,3956,1
202011,TAP Air Portugal,148,1
202011,KLM Royal Dutch Airlines,611,1
202011,Delta Air Lines,8342,1
202011,Sun Country Airlines,1995,1
202011,China Airlines,635,1
202011,United Airlines,3251,1
202011,United Airlines,78,1
202011,Turkish Airlines,3476,1
202011,JetBlue Airways,726,1
202011,United Airlines,2791,1
202011,United Airlines,7592,1
202011,Lufthansa German Airlines,606,1
202011,Air France,168,1
202011,EVA Airways,1261,1
202011,SkyWest Airlines,3774,1
202011,Cathay Pacific,486,1
202011,All Nippon Airways,900,1
202011,British Airways,394,1
202011,American Airlines,51600,1
202011,Asiana Airlines,603,1
202011,Philippine Airlines,1862,1
202011,United Airlines,138135,1
202011,United Airlines,1153,1
202011,Alaska Airlines,15703,1
202011,SAS Airlines,249,1
202011,Southwest Airlines,29477,1
202011,American Airlines,50114,1
202011,United Airlines,37822,1
202010,United Airlines,7781,1
202010,Air Canada,2449,1
202010,United Airlines,39270,1
202010,Hawaiian Airlines,3075,1
202010,Swissport USA,30,1
202010,United Airlines,3307,1
202010,United Airlines,3180,1
202010,Swiss International,353,1
202010,United Airlines,45798,1
202010,SkyWest Airlines,3192,1
202010,United Airlines,128434,1
202010,United Airlines,1196,1
202010,Alaska Airlines,16380,1
202010,United Airlines,128957,1
202010,Air India Limited,4250,1
202010,United Airlines,6076,1
202010,Air New Zealand,98,1
202010,Asiana Airlines,461,1
202010,Frontier Airlines,13508,1
202010,Alaska Airlines,6592,1
202010,"TACA International Airlines, S.A.",1442,1
202010,British Airways,1136,1
202010,"TACA International Airlines, S.A.",2072,1
202010,China Airlines,541,1
202010,British Airways,1221,1
202010,United Airlines,998,1
202010,SkyWest Airlines,8230,1
202010,Delta Air Lines,8361,1
202010,SkyWest Airlines,37,1
202010,Alaska Airlines,17532,1
202010,Air Canada,1472,1
202010,SkyWest Airlines,2171,1
202010,Delta Air Lines,23312,1
202010,Horizon Air,10190,1
202010,United Airlines,1196,1
202010,Japan Airlines,556,1
202010,Lufthansa German Airlines,226,1
202010,United Airlines,978,1
202010,Turkish Airlines,3696,1
202010,Asiana Airlines,1130,1
202010,American Airlines,53260,1
202010,SkyWest Airlines,33,1
202010,United Airlines,7619,1
202010,SkyWest Airlines,34832,1
202010,United Airlines,4321,1
202010,SkyWest Airlines,68292,1
202010,SAS Airlines,415,1
202010,Philippine Airlines,1042,1
202010,SkyWest Airlines,66139,1
202010,American Airlines,51945,1
202010,Japan Airlines,319,1
202010,SkyWest Airlines,2326,1
202010,Horizon Air,10409,1
202010,Lufthansa German Airlines,176,1
202010,Air India Limited,3867,1
202010,EVA Airways,1150,1
202010,EVA Airways,1527,1
202010,Frontier Airlines,13355,1
202010,Philippine Airlines,1152,1
202010,KLM Royal Dutch Airlines,656,1
202010,SAS Airlines,279,1
202010,United Airlines,9152,1
202010,JetBlue Airways,16365,1
202010,SkyWest Airlines,35355,1
202010,Sun Country Airlines,2286,1
202010,Air France,974,1
202010,Air France,924,1
202010,Hawaiian Airlines,4179,1
202010,KLM Royal Dutch Airlines,956,1
202010,Aeromexico,4060,1
202010,Southwest Airlines,32090,1
202010,Alaska Airlines,5682,1
202010,JetBlue Airways,16523,1
202010,Cathay Pacific,595,1
202010,Korean Air Lines,825,1
202010,United Airlines,3034,1
202010,Korean Air Lines,1699,1
202010,Delta Air Lines,12384,1
202010,United Airlines,6166,1
202010,United Airlines,9956,1
202010,Turkish Airlines,4120,1
202010,SkyWest Airlines,3143,1
202010,Delta Air Lines,28489,1
202010,TAP Air Portugal,575,1
202010,All Nippon Airways,813,1
202010,SkyWest Airlines,8794,1
202010,Sun Country Airlines,2152,1
202010,TAP Air Portugal,257,1
202010,Swiss International,399,1
202010,Aeromexico,4095,1
202010,Southwest Airlines,32283,1
202010,Cathay Pacific,482,1
202010,All Nippon Airways,679,1
202010,China Airlines,398,1
202009,KLM Royal Dutch Airlines,719,1
202009,Korean Air Lines,809,1
202009,Korean Air Lines,1583,1
202009,KLM Royal Dutch Airlines,748,1
202009,Japan Airlines,278,1
202009,JetBlue Airways,11271,1
202009,Aeromexico,1746,1
202009,China Airlines,562,1
202009,Hawaiian Airlines,1634,1
202009,Air France,1147,1
202009,Philippine Airlines,1312,1
202009,Delta Air Lines,23187,1
202009,American Airlines,45503,1
202009,China Southern,220,1
202009,Horizon Air,6835,1
202009,Asiana Airlines,1226,1
202009,Alaska Airlines,18491,1
202009,EVA Airways,1336,1
202009,Air New Zealand,540,1
202009,All Nippon Airways,645,1
202009,Delta Air Lines,5544,1
202009,All Nippon Airways,737,1
202009,Alaska Airlines,19037,1
202009,Philippine Airlines,1504,1
202009,British Airways,1331,1
202009,Delta Air Lines,33944,1
202009,Lufthansa German Airlines,399,1
202009,Alaska Airlines,3200,1
202009,British Airways,947,1
202009,China Airlines,293,1
202009,Alaska Airlines,2712,1
202009,Cathay Pacific,537,1
202009,Delta Air Lines,6123,1
202009,Frontier Airlines,10871,1
202009,Horizon Air,6947,1
202009,Cathay Pacific,791,1
202009,Air India Limited,2758,1
202009,American Airlines,46339,1
202009,Aeromexico,2113,1
202009,Air Canada,2124,1
202009,Air Canada,1630,1
202009,Sun Country Airlines,1456,1
202009,Hawaiian Airlines,1715,1
202009,Frontier Airlines,11576,1
202009,Air France,994,1
202009,"TACA International Airlines, S.A.",505,1
202009,Lufthansa German Airlines,568,1
202009,JetBlue Airways,11951,1
202009,Japan Airlines,463,1
202009,Air New Zealand,283,1
202009,United Airlines,6973,1
202009,United Airlines,101873,1
202009,United Airlines,2807,1
202009,Swiss International,373,1
202009,United Airlines,396,1
202009,United Airlines,376,1
202009,United Airlines,45,1
202009,United Airlines,3700,1
202009,United Airlines,6712,1
202009,United Airlines,28192,1
202009,United Airlines,13037,1
202009,United Airlines,8963,1
202009,Turkish Airlines,4380,1
202009,Turkish Airlines,4070,1
202009,United Airlines,1490,1
202009,United Airlines,6358,1
202009,Sun Country Airlines,1682,1
202009,Swiss International,355,1
202009,United Airlines,101706,1
202009,United Airlines,26927,1
202009,United Airlines,2659,1
202009,"TACA International Airlines, S.A.",328,1
202009,United Airlines,1176,1
202009,United Airlines,6817,1
202009,SkyWest Airlines,64813,1
202009,SkyWest Airlines,1769,1
202009,Asiana Airlines,513,1
202009,SkyWest Airlines,65388,1
202009,SkyWest Airlines,2525,1
202009,SkyWest Airlines,5015,1
202009,SkyWest Airlines,27568,1
202009,SkyWest Airlines,28871,1
202009,United Airlines,83,1
202009,Southwest Airlines,29686,1
202009,United Airlines,65,1
202009,SAS Airlines,399,1
202009,SkyWest Airlines,2779,1
202009,Air India Limited,3417,1
202009,SAS Airlines,321,1
202009,SkyWest Airlines,2532,1
202009,United Airlines,71,1
202009,Southwest Airlines,29330,1
202009,EVA Airways,1593,1
202009,SkyWest Airlines,4824,1
202009,United Airlines,3851,1
202008,United Airlines,274,1
202008,United Airlines,10118,1
202008,United Airlines,8113,1
202008,United Airlines,94028,1
202008,Turkish Airlines,3272,1
202008,SkyWest Airlines,22728,1
202008,SkyWest Airlines,61265,1
202008,United Airlines,1654,1
202008,United Airlines,1286,1
202008,United Airlines,288,1
202008,United Airlines,3241,1
202008,United Airlines,2466,1
202008,United Airlines,3793,1
202008,United Airlines,3803,1
202008,United Airlines,591,1
202008,United Airlines,4260,1
202008,United Airlines,3050,1
202008,United Airlines,63,1
202008,United Airlines,2909,1
202008,United Airlines,94,1
202008,United Airlines,25329,1
202008,United Airlines,65,1
202008,United Airlines,89695,1
202008,Turkish Airlines,3707,1
202008,United Airlines,10596,1
202008,"TACA International Airlines, S.A.",116,1
202008,Swissport USA,6,1
202008,Swissport USA,460,1
202008,United Airlines,10929,1
202008,SkyWest Airlines,348,1
202008,Southwest Airlines,31400,1
202008,United Airlines,97,1
202008,SkyWest Airlines,22876,1
202008,Southwest Airlines,30259,1
202008,United Airlines,23942,1
202008,SkyWest Airlines,2138,1
202008,SkyWest Airlines,1720,1
202008,SAS Airlines,567,1
202008,SkyWest Airlines,4452,1
202008,Philippine Airlines,1816,1
202008,SAS Airlines,363,1
202008,Philippine Airlines,1548,1
202008,Korean Air Lines,1267,1
202008,Korean Air Lines,2078,1
202008,Lufthansa German Airlines,981,1
202008,SkyWest Airlines,4674,1
202008,KLM Royal Dutch Airlines,950,1
202008,Lufthansa German Airlines,1149,1
202008,United Airlines,941,1
202008,Cathay Pacific,541,1
202008,British Airways,1463,1
202008,China Southern,289,1
202008,Asiana Airlines,1953,1
202008,Japan Airlines,493,1
202008,EVA Airways,1382,1
202008,JetBlue Airways,11402,1
202008,Horizon Air,7136,1
202008,Japan Airlines,225,1
202008,Delta Air Lines,117,1
202008,British Airways,987,1
202008,EVA Airways,2127,1
202008,Frontier Airlines,6676,1
202008,Horizon Air,7497,1
202008,Delta Air Lines,37475,1
202008,Delta Air Lines,40170,1
202008,Frontier Airlines,6698,1
202008,Cathay Pacific,540,1
202008,China Airlines,356,1
202008,United Airlines,1023,1
202008,Hawaiian Airlines,1981,1
202008,China Airlines,379,1
202008,American Airlines,41166,1
202008,American Airlines,41104,1
202008,Asiana Airlines,792,1
202008,All Nippon Airways,1037,1
202008,Hawaiian Airlines,2255,1
202008,All Nippon Airways,736,1
202008,JetBlue Airways,12303,1
202008,Alaska Airlines,17315,1
202008,Sun Country Airlines,1360,1
202008,SkyWest Airlines,60136,1
202008,Sun Country Airlines,1422,1
202008,Alaska Airlines,18279,1
202008,Air New Zealand,372,1
202008,"TACA International Airlines, S.A.",23,1
202008,Air India Limited,3188,1
202008,Air New Zealand,668,1
202008,Air India Limited,3437,1
202008,Alaska Airlines,2163,1
202008,Air Canada,1893,1
202008,Aeromexico,1340,1
202008,Air Canada,1506,1
202008,Air France,1340,1
202008,Alaska Airlines,2308,1
202008,Air France,1023,1
202008,Aeromexico,1633,1
202008,KLM Royal Dutch Airlines,799,1
202008,SkyWest Airlines,305,1
202007,United Airlines,965,1
202007,United Airlines,1834,1
202007,United Airlines,2363,1
202007,United Airlines,207,1
202007,SkyWest Airlines,1033,1
202007,United Airlines,45,1
202007,United Airlines,1481,1
202007,United Airlines,80532,1
202007,United Airlines,5914,1
202007,SkyWest Airlines,59724,1
202007,Southwest Airlines,30585,1
202007,SkyWest Airlines,59258,1
202007,SkyWest Airlines,25889,1
202007,Southwest Airlines,29963,1
202007,SkyWest Airlines,1692,1
202007,SkyWest Airlines,1817,1
202007,United Airlines,88,1
202007,United Airlines,2521,1
202007,Lufthansa German Airlines,648,1
202007,Philippine Airlines,2486,1
202007,United Airlines,80187,1
202007,Sun Country Airlines,2941,1
202007,SkyWest Airlines,26334,1
202007,United Airlines,5805,1
202007,Turkish Airlines,1265,1
202007,Sun Country Airlines,2640,1
202007,"TACA International Airlines, S.A.",138,1
202007,Swissport USA,4,1
202007,Swissport USA,821,1
202007,United Airlines,13473,1
202007,United Airlines,14809,1
202007,United Airlines,8818,1
202007,United Airlines,315,1
202007,United Airlines,10435,1
202007,United Airlines,3057,1
202007,Turkish Airlines,1887,1
202007,SkyWest Airlines,1287,1
202007,United Airlines,879,1
202007,EVA Airways,1231,1
202007,Frontier Airlines,7801,1
202007,Frontier Airlines,8002,1
202007,"TACA International Airlines, S.A.",8,1
202007,Cathay Pacific,765,1
202007,Cathay Pacific,1069,1
202007,British Airways,1416,1
202007,Asiana Airlines,686,1
202007,Asiana Airlines,2635,1
202007,British Airways,887,1
202007,China Airlines,388,1
202007,All Nippon Airways,1217,1
202007,American Airlines,45331,1
202007,All Nippon Airways,657,1
202007,Alaska Airlines,9901,1
202007,Alaska Airlines,461,1
202007,Alaska Airlines,10444,1
202007,Alaska Airlines,425,1
202007,American Airlines,44203,1
202007,China Airlines,358,1
202007,Air France,1253,1
202007,Air India Limited,3901,1
202007,Air India Limited,4549,1
202007,Air France,558,1
202007,Air Canada,1678,1
202007,Air New Zealand,314,1
202007,Air Canada,1926,1
202007,Delta Air Lines,34505,1
202007,Air New Zealand,121,1
202007,Hawaiian Airlines,2546,1
202007,Delta Air Lines,34853,1
202007,United Airlines,43,1
202007,SAS Airlines,557,1
202007,Hawaiian Airlines,2568,1
202007,KLM Royal Dutch Airlines,553,1
202007,Horizon Air,7449,1
202007,Horizon Air,7123,1
202007,Japan Airlines,332,1
202007,JetBlue Airways,13703,1
202007,JetBlue Airways,14478,1
202007,SAS Airlines,156,1
202007,Philippine Airlines,2031,1
202007,Japan Airlines,582,1
202007,Korean Air Lines,1142,1
202007,Lufthansa German Airlines,1098,1
202007,KLM Royal Dutch Airlines,938,1
202007,United Airlines,959,1
202007,Korean Air Lines,2128,1
202007,EVA Airways,1205,1
202006,United Airlines,1809,1
202006,United Airlines,2467,1
202006,United Airlines,2452,1
202006,United Airlines,2991,1
202006,United Airlines,1352,1
202006,United Airlines,1456,1
202006,United Airlines,9464,1
202006,United Airlines,46444,1
202006,United Airlines,10522,1
202006,Swissport USA,12,1
202006,Swissport USA,347,1
202006,United Airlines,4359,1
202006,Southwest Airlines,27299,1
202006,Southwest Airlines,27044,1
202006,Sun Country Airlines,1736,1
202006,United Airlines,50628,1
202006,Sun Country Airlines,2025,1
202006,United Airlines,4953,1
202006,Philippine Airlines,1032,1
202006,SkyWest Airlines,1078,1
202006,Philippine Airlines,1994,1
202006,SkyWest Airlines,1099,1
202006,Korean Air Lines,2084,1
202006,Lufthansa German Airlines,430,1
202006,Lufthansa German Airlines,720,1
202006,Korean Air Lines,815,1
202006,SkyWest Airlines,14484,1
202006,Horizon Air,10774,1
202006,Horizon Air,11320,1
202006,JetBlue Airways,8092,1
202006,Hawaiian Airlines,2618,1
202006,Frontier Airlines,6332,1
202006,JetBlue Airways,9202,1
202006,SkyWest Airlines,13625,1
202006,Frontier Airlines,6358,1
202006,Hawaiian Airlines,3211,1
202006,Delta Air Lines,22385,1
202006,Delta Air Lines,23047,1
202006,EVA Airways,776,1
202006,British Airways,824,1
202006,Cathay Pacific,470,1
202006,Asiana Airlines,1882,1
202006,British Airways,637,1
202006,Cathay Pacific,611,1
202006,American Airlines,36633,1
202006,American Airlines,38895,1
202006,China Airlines,252,1
202006,Asiana Airlines,836,1
202006,SkyWest Airlines,44985,1
202006,China Airlines,467,1
202006,EVA Airways,1607,1
202006,All Nippon Airways,892,1
202006,Air India Limited,5072,1
202006,Air India Limited,4739,1
202006,Alaska Airlines,13149,1
202006,Air Canada,2217,1
202006,Alaska Airlines,14635,1
202006,Air Canada,1285,1
202006,Alaska Airlines,450,1
202006,Alaska Airlines,457,1
202006,All Nippon Airways,889,1
202006,SkyWest Airlines,44399,1
202005,Swissport USA,1,1
202005,Sun Country Airlines,491,1
202005,Swissport USA,342,1
202005,Southwest Airlines,9589,1
202005,Alaska Airlines,4359,1
202005,American Airlines,14004,1
202005,Southwest Airlines,10081,1
202005,Sun Country Airlines,436,1
202005,United Airlines,2698,1
202005,Asiana Airlines,2235,1
202005,SkyWest Airlines,6309,1
202005,Philippine Airlines,124,1
202005,Korean Air Lines,753,1
202005,Korean Air Lines,1687,1
202005,Philippine Airlines,302,1
202005,SkyWest Airlines,6516,1
202005,SkyWest Airlines,27982,1
202005,Hawaiian Airlines,1470,1
202005,Horizon Air,4469,1
202005,Hawaiian Airlines,1482,1
202005,Frontier Airlines,2963,1
202005,Frontier Airlines,2141,1
202005,EVA Airways,1131,1
202005,Horizon Air,4949,1
202005,Delta Air Lines,15308,1
202005,Delta Air Lines,14720,1
202005,China Southern,10,1
202005,EVA Airways,453,1
202005,China Southern,1155,1
202005,JetBlue Airways,2841,1
202005,American Airlines,5236,1
202005,American Airlines,14357,1
202005,American Airlines,5211,1
202005,United Airlines,1789,1
202005,JetBlue Airways,2488,1
202005,SkyWest Airlines,27905,1
202005,Asiana Airlines,579,1
202005,Alaska Airlines,5081,1
202005,Air India Limited,758,1
202005,Air India Limited,907,1
202005,United Airlines,6291,1
202005,United Airlines,1580,1
202005,United Airlines,988,1
202005,United Airlines,2462,1
202005,Air Canada,176,1
202005,United Airlines,29957,1
202005,United Airlines,2127,1
202005,Air Canada,311,1
202005,United Airlines,30251,1
202005,United Airlines,7115,1
202004,United Airlines,200,1
202004,United Airlines,47,1
202004,United Airlines,26,1
202004,United Airlines,2282,1
202004,United Airlines,1121,1
202004,United Airlines,31,1
202004,United Airlines,14123,1
202004,United Airlines,4863,1
202004,United Airlines,1381,1
202004,United Airlines,7323,1
202004,Swissport USA,987,1
202004,United Airlines,1604,1
202004,Sun Country Airlines,73,1
202004,Southwest Airlines,4739,1
202004,Sun Country Airlines,51,1
202004,United Airlines,2183,1
202004,SkyWest Airlines,3200,1
202004,SkyWest Airlines,19,1
202004,SkyWest Airlines,4352,1
202004,SkyWest Airlines,4002,1
202004,Korean Air Lines,668,1
202004,United Airlines,7280,1
202004,Japan Airlines,145,1
202004,Jazz Aviation,411,1
202004,Frontier Airlines,783,1
202004,Hawaiian Airlines,915,1
202004,Jazz Aviation,448,1
202004,Compass Airlines,21,1
202004,American Airlines,9213,1
202004,JetBlue Airways,2121,1
202004,Air Canada,513,1
202004,JetBlue Airways,1640,1
202004,American Airlines,432,1
202004,Aeromexico,159,1
202004,All Nippon Airways,85,1
202004,Air China,200,1
202004,Alaska Airlines,3508,1
202004,British Airways,56,1
202004,Alaska Airlines,60,1
202004,Alaska Airlines,18,1
202004,American Airlines,492,1
202004,Delta Air Lines,7045,1
202004,All Nippon Airways,32,1
202004,British Airways,106,1
202004,China Eastern,2,1
202004,American Airlines,9299,1
202004,Alaska Airlines,3457,1
202004,Air Canada,190,1
202004,Aeromexico,230,1
202004,EVA Airways,316,1
202004,Horizon Air,1403,1
202004,Frontier Airlines,825,1
202004,Horizon Air,1456,1
202004,Hawaiian Airlines,571,1
202004,EVA Airways,1058,1
202004,Japan Airlines,169,1
202004,Delta Air Lines,7544,1
202004,China Eastern,182,1
202004,SkyWest Airlines,3174,1
202004,SkyWest Airlines,36,1
202004,Korean Air Lines,2111,1
202004,United Airlines,13126,1
202004,Southwest Airlines,4695,1
202004,Compass Airlines,15,1
202003,Norwegian Air UK Ltd,2377,1
202003,Norwegian Air UK Ltd,2015,1
202003,Lufthansa German Airlines,4793,1
202003,Norwegian Air Shuttle ASA,1957,1
202003,Philippine Airlines,11307,1
202003,Philippine Airlines,5057,1
202003,Norwegian Air Shuttle ASA,1823,1
202003,JetBlue Airways,25668,1
202003,JetBlue Airways,26039,1
202003,Jazz Aviation,3769,1
202003,Japan Airlines,1891,1
202003,Jazz Aviation,2975,1
202003,KLM Royal Dutch Airlines,3700,1
202003,KLM Royal Dutch Airlines,4833,1
202003,Korean Air Lines,3145,1
202003,Qantas Airways,6777,1
202003,Iberia,821,1
202003,Iberia,883,1
202003,Japan Airlines,1738,1
202003,Qantas Airways,6241,1
202003,Frontier Airlines,9279,1
202003,Hawaiian Airlines,10161,1
202003,Frontier Airlines,8448,1
202003,French Bee,455,1
202003,French Bee,479,1
202003,Hawaiian Airlines,8460,1
202003,French Bee,450,1
202003,French Bee,463,1
202003,French Bee,649,1
202003,Emirates,4131,1
202003,French Bee,115,1
202003,French Bee,419,1
202003,Emirates,8055,1
202003,French Bee,148,1
202003,EVA Airways,8188,1
202003,EVA Airways,8177,1
202003,Delta Air Lines,70202,1
202003,Compass Airlines,745,1
202003,Delta Air Lines,63711,1
202003,Compass Airlines,923,1
202003,El Al Israel Airlines LTD.,504,1
202003,China Southern,1442,1
202003,China Airlines,3791,1
202003,Compass Airlines,3442,1
202003,Horizon Air,3179,1
202003,French Bee,112,1
202003,Compass Airlines,3321,1
202003,El Al Israel Airlines LTD.,504,1
202003,American Airlines,50481,1
202003,American Airlines,16937,1
202003,British Airways,7186,1
202003,Alaska Airlines,6701,1
202003,Air Pacific Limited dba Fiji Airways,772,1
202003,Alaska Airlines,4734,1
202003,British Airways,7422,1
202003,Air India Limited,6032,1
202003,Air China,1784,1
202003,Air India Limited,4806,1
202003,Aeromexico,5319,1
202003,ABC Aerolineas S.A. de C.V. dba Interjet,2152,1
202003,ABC Aerolineas S.A. de C.V. dba Interjet,2158,1
202003,Aer Lingus,3031,1
202003,Air Canada,13330,1
202003,Air New Zealand,7007,1
202003,"COPA Airlines, Inc.",4482,1
202003,"COPA Airlines, Inc.",3775,1
202003,Cathay Pacific,2322,1
202003,Aer Lingus,3301,1
202003,Aeromexico,5734,1
202003,Air Canada,20478,1
202003,Air China,135,1
202003,Air France,3195,1
202003,Air France,3647,1
202003,Air New Zealand,3818,1
202003,Air Pacific Limited dba Fiji Airways,663,1
202003,Alaska Airlines,86418,1
202003,Alaska Airlines,82562,1
202003,All Nippon Airways,2177,1
202003,All Nippon Airways,2684,1
202003,American Airlines,19438,1
202003,American Airlines,44429,1
202003,SAS Airlines,1866,1
202003,Horizon Air,3342,1
202003,Korean Air Lines,4525,1
202003,Lufthansa German Airlines,5240,1
202003,JetBlue Airways,54,1
202003,Cathay Pacific,4504,1
202003,China Airlines,4314,1
202003,China Southern,64,1
202003,United Airlines,17391,1
202003,United Airlines,14801,1
202003,United Airlines,2026,1
202003,United Airlines,5872,1
202003,United Airlines,16330,1
202003,United Airlines,3384,1
202003,United Airlines,4100,1
202003,United Airlines,4159,1
202003,United Airlines,5071,1
202003,United Airlines,3526,1
202003,United Airlines,4507,1
202003,United Airlines,2058,1
202003,Virgin Atlantic,4111,1
202003,United Airlines,10332,1
202003,United Airlines,20815,1
202003,United Airlines,18971,1
202003,United Airlines,170870,1
202003,United Airlines,3,1
202003,United Airlines,138,1
202003,United Airlines,26754,1
202003,United Airlines,108078,1
202003,United Airlines,98620,1
202003,United Airlines,28,1
202003,United Airlines,177513,1
202003,United Airlines,19811,1
202003,"TACA International Airlines, S.A.",3232,1
202003,"TACA International Airlines, S.A.",2588,1
202003,TAP Air Portugal,1311,1
202003,Swiss International,2151,1
202003,TAP Air Portugal,1172,1
202003,Turkish Airlines,6217,1
202003,Southwest Airlines,49384,1
202003,SkyWest Airlines,2135,1
202003,Southwest Airlines,51006,1
202003,Sun Country Airlines,2382,1
202003,SkyWest Airlines,76809,1
202003,SkyWest Airlines,76741,1
202003,Sun Country Airlines,2405,1
202003,SkyWest Airlines,1510,1
202003,SkyWest Airlines,13254,1
202003,SkyWest Airlines,1257,1
202003,Turkish Airlines,4523,1
202003,SkyWest Airlines,12544,1
202003,Swiss International,1817,1
202003,SAS Airlines,2585,1
202003,Singapore Airlines,5298,1
202003,Singapore Airlines,4050,1
202003,Virgin Atlantic,4248,1
202003,SkyWest Airlines,1369,1
202003,United Airlines,25309,1
202003,United Airlines,119,1
202002,Horizon Air,7843,1
202002,Hawaiian Airlines,14271,1
202002,Frontier Airlines,17786,1
202002,Hawaiian Airlines,14635,1
202002,Iberia,2029,1
202002,Horizon Air,8728,1
202002,French Bee,265,1
202002,French Bee,760,1
202002,French Bee,375,1
202002,Emirates,10895,1
202002,French Bee,1154,1
202002,French Bee,159,1
202002,El Al Israel Airlines LTD.,1730,1
202002,French Bee,1357,1
202002,Iberia,1940,1
202002,Japan Airlines,5883,1
202002,Compass Airlines,1087,1
202002,Delta Air Lines,145738,1
202002,Compass Airlines,5739,1
202002,China Southern,1196,1
202002,Delta Air Lines,143893,1
202002,Compass Airlines,5940,1
202002,China Airlines,5706,1
202002,China Eastern,1570,1
202002,Cathay Pacific,10360,1
202002,"COPA Airlines, Inc.",7654,1
202002,Delta Air Lines,61,1
202002,China Eastern,1438,1
202002,British Airways,13938,1
202002,EVA Airways,20566,1
202002,"COPA Airlines, Inc.",7210,1
202002,EVA Airways,12443,1
202002,Japan Airlines,4901,1
202002,United Airlines,11004,1
202002,United Airlines,6602,1
202002,American Airlines,32348,1
202002,United Airlines,6468,1
202002,United Airlines,6497,1
202002,United Airlines,29699,1
202002,American Airlines,103217,1
202002,United Airlines,19381,1
202002,United Airlines,1953,1
202002,American Airlines,36531,1
202002,Virgin Atlantic,6611,1
202002,United Airlines,6952,1
202002,United Airlines,8557,1
202002,United Airlines,10655,1
202002,United Airlines,8311,1
202002,United Airlines,475,1
202002,Asiana Airlines,7500,1
202002,United Airlines,235,1
202002,United Airlines,3,1
202002,American Airlines,108983,1
202002,United Airlines,31353,1
202002,Virgin Atlantic,7209,1
202002,Alaska Airlines,183119,1
202002,Alaska Airlines,187826,1
202002,Alaska Airlines,9318,1
202002,Air Pacific Limited dba Fiji Airways,1713,1
202002,Cathay Pacific,6308,1
202002,China Airlines,7718,1
202002,Air New Zealand,5986,1
202002,Air New Zealand,6737,1
202002,Air Pacific Limited dba Fiji Airways,1983,1
202002,China Southern,2022,1
202002,Alaska Airlines,9407,1
202002,Air France,7923,1
202002,Air France,7665,1
202002,Compass Airlines,982,1
202002,Air China,1279,1
202002,Air China,1826,1
202002,Air India Limited,8654,1
202002,Air Canada,23909,1
202002,Air India Limited,8919,1
202002,Air Canada,24778,1
202002,All Nippon Airways,4795,1
202002,United Airlines,41046,1
202002,British Airways,14581,1
202002,United Airlines,19002,1
202002,El Al Israel Airlines LTD.,1376,1
202002,Emirates,13379,1
202002,Aer Lingus,5364,1
202002,French Bee,1072,1
202002,Jazz Aviation,7696,1
202002,French Bee,1427,1
202002,ABC Aerolineas S.A. de C.V. dba Interjet,3958,1
202002,ABC Aerolineas S.A. de C.V. dba Interjet,3494,1
202002,Aer Lingus,5528,1
202002,Aeromexico,9403,1
202002,Asiana Airlines,6782,1
202002,French Bee,1067,1
202002,Aeromexico,9072,1
202002,Frontier Airlines,18657,1
202002,United Airlines,19282,1
202002,All Nippon Airways,5717,1
202002,United Airlines,4,1
202002,United Airlines,333069,1
202002,Turkish Airlines,9123,1
202002,Turkish Airlines,8818,1
202002,United Airlines,15595,1
202002,TAP Air Portugal,3172,1
202002,"TACA International Airlines, S.A.",6596,1
202002,TAP Air Portugal,2930,1
202002,United Airlines,20487,1
202002,United Airlines,215369,1
202002,"TACA International Airlines, S.A.",6749,1
202002,Sun Country Airlines,4317,1
202002,Swiss International,7478,1
202002,Sun Country Airlines,4316,1
202002,Swiss International,6491,1
202002,Southwest Airlines,114738,1
